TIME,DATE

12:27:52,04:11:2022
12:27:52,04:11:2022
12:27:52,04:11:2022
12:27:52,04:11:2022
12:27:52,04:11:2022
12:27:52,04:11:2022
12:27:52,04:11:2022
12:27:52,04:11:2022
12:27:52,04:11:2022
12:27:52,04:11:2022
12:27:52,04:11:2022
12:27:52,04:11:2022
12:27:53,04:11:2022
12:27:53,04:11:2022
12:27:53,04:11:2022
12:27:53,04:11:2022
12:27:53,04:11:2022
12:27:53,04:11:2022
12:27:53,04:11:2022
12:27:53,04:11:2022
12:27:53,04:11:2022
12:27:53,04:11:2022
12:28:21,04:11:2022
12:28:22,04:11:2022
12:28:22,04:11:2022
12:28:22,04:11:2022
12:28:22,04:11:2022
12:28:22,04:11:2022
12:28:22,04:11:2022
12:28:22,04:11:2022
12:28:22,04:11:2022
12:28:22,04:11:2022
12:28:22,04:11:2022
12:28:22,04:11:2022
12:28:22,04:11:2022
12:28:22,04:11:2022
12:28:22,04:11:2022
12:28:22,04:11:2022
12:28:22,04:11:2022
12:28:22,04:11:2022
12:28:23,04:11:2022
12:28:23,04:11:2022
12:28:23,04:11:2022
12:28:25,04:11:2022
12:28:26,04:11:2022
12:28:26,04:11:2022
12:28:26,04:11:2022
12:28:26,04:11:2022
12:28:26,04:11:2022
12:28:26,04:11:2022
12:28:26,04:11:2022
12:28:26,04:11:2022
12:28:26,04:11:2022
12:28:26,04:11:2022
12:28:26,04:11:2022
12:28:26,04:11:2022
12:28:26,04:11:2022
12:28:26,04:11:2022
12:28:26,04:11:2022
12:28:26,04:11:2022
12:28:27,04:11:2022
12:28:27,04:11:2022
12:28:27,04:11:2022
12:28:27,04:11:2022
12:28:27,04:11:2022
12:28:27,04:11:2022
12:28:27,04:11:2022
12:28:27,04:11:2022
12:28:27,04:11:2022
12:28:27,04:11:2022
12:28:27,04:11:2022
12:28:27,04:11:2022
12:28:27,04:11:2022
12:28:27,04:11:2022
12:28:27,04:11:2022
12:28:27,04:11:2022
12:28:27,04:11:2022
12:28:28,04:11:2022
12:28:28,04:11:2022
12:28:28,04:11:2022
12:28:28,04:11:2022
19:57:16,04:11:2022
19:57:16,04:11:2022
19:57:16,04:11:2022
19:57:16,04:11:2022
19:57:16,04:11:2022
19:57:16,04:11:2022
19:57:16,04:11:2022
19:57:16,04:11:2022
19:57:16,04:11:2022
19:57:16,04:11:2022
19:57:16,04:11:2022
19:57:17,04:11:2022
19:57:17,04:11:2022
19:57:17,04:11:2022
19:57:17,04:11:2022
19:57:17,04:11:2022
19:57:17,04:11:2022
19:57:17,04:11:2022
19:57:17,04:11:2022
19:57:17,04:11:2022
19:57:17,04:11:2022
19:57:17,04:11:2022
19:57:17,04:11:2022
19:57:17,04:11:2022
19:57:17,04:11:2022
19:57:17,04:11:2022
19:57:18,04:11:2022
19:57:18,04:11:2022
19:57:18,04:11:2022
19:57:18,04:11:2022
19:57:18,04:11:2022
19:57:18,04:11:2022
19:57:18,04:11:2022
19:57:18,04:11:2022
19:57:18,04:11:2022
19:57:18,04:11:2022
19:57:27,04:11:2022
19:57:27,04:11:2022
19:57:27,04:11:2022
19:57:27,04:11:2022
19:57:27,04:11:2022
19:57:27,04:11:2022
19:57:27,04:11:2022
19:57:27,04:11:2022
19:57:27,04:11:2022
19:57:27,04:11:2022
19:57:27,04:11:2022
19:57:27,04:11:2022
19:57:28,04:11:2022
19:57:28,04:11:2022
19:57:28,04:11:2022
19:57:28,04:11:2022
19:57:28,04:11:2022
19:57:28,04:11:2022
19:57:28,04:11:2022
19:57:34,04:11:2022
19:57:34,04:11:2022
19:57:34,04:11:2022
19:57:34,04:11:2022
19:57:34,04:11:2022
19:57:34,04:11:2022
19:57:34,04:11:2022
19:57:34,04:11:2022
19:57:34,04:11:2022
19:57:34,04:11:2022
19:57:34,04:11:2022
19:57:34,04:11:2022
19:57:34,04:11:2022
19:57:34,04:11:2022
19:57:34,04:11:2022
19:57:35,04:11:2022
19:57:35,04:11:2022
19:57:35,04:11:2022
19:57:35,04:11:2022
19:57:41,04:11:2022
19:57:41,04:11:2022
19:57:41,04:11:2022
19:57:41,04:11:2022
19:57:41,04:11:2022
19:57:41,04:11:2022
19:57:41,04:11:2022
19:57:41,04:11:2022
19:57:41,04:11:2022
19:57:41,04:11:2022
19:57:41,04:11:2022
19:57:42,04:11:2022
19:57:42,04:11:2022
19:57:42,04:11:2022
19:57:42,04:11:2022
19:57:42,04:11:2022
19:57:42,04:11:2022
19:57:42,04:11:2022
19:57:50,04:11:2022
19:57:51,04:11:2022
19:57:51,04:11:2022
19:57:51,04:11:2022
19:57:51,04:11:2022
19:57:51,04:11:2022
19:57:51,04:11:2022
19:57:51,04:11:2022
19:57:51,04:11:2022
19:57:51,04:11:2022
19:57:51,04:11:2022
19:57:51,04:11:2022
19:57:51,04:11:2022
19:57:51,04:11:2022
19:58:08,04:11:2022
19:58:08,04:11:2022
19:58:08,04:11:2022
19:58:08,04:11:2022
19:58:08,04:11:2022
19:58:08,04:11:2022
19:58:08,04:11:2022
19:58:08,04:11:2022
19:58:08,04:11:2022
19:58:08,04:11:2022
19:58:08,04:11:2022
19:58:08,04:11:2022
20:03:18,04:11:2022
20:03:18,04:11:2022
20:03:18,04:11:2022
20:03:18,04:11:2022
20:03:18,04:11:2022
20:03:18,04:11:2022
20:03:18,04:11:2022
20:03:18,04:11:2022
20:03:18,04:11:2022
20:03:18,04:11:2022
20:03:18,04:11:2022
20:03:18,04:11:2022
20:03:18,04:11:2022
20:03:19,04:11:2022
20:03:19,04:11:2022
20:03:19,04:11:2022
20:03:19,04:11:2022
20:03:19,04:11:2022
20:03:19,04:11:2022
20:03:19,04:11:2022
20:03:19,04:11:2022
20:03:19,04:11:2022
20:03:19,04:11:2022
20:03:19,04:11:2022
20:03:19,04:11:2022
20:03:19,04:11:2022
20:03:20,04:11:2022
20:03:20,04:11:2022
20:03:20,04:11:2022
20:03:20,04:11:2022
20:03:20,04:11:2022
20:16:45,04:11:2022
20:16:45,04:11:2022
20:16:45,04:11:2022
20:16:45,04:11:2022
20:16:45,04:11:2022
20:16:45,04:11:2022
20:16:45,04:11:2022
20:16:45,04:11:2022
20:16:45,04:11:2022
20:16:48,04:11:2022
20:16:48,04:11:2022
20:16:49,04:11:2022
20:16:49,04:11:2022
20:16:49,04:11:2022
20:16:49,04:11:2022
20:16:49,04:11:2022
20:16:49,04:11:2022
20:16:49,04:11:2022
20:16:49,04:11:2022
20:16:49,04:11:2022
20:16:49,04:11:2022
20:16:49,04:11:2022
20:16:49,04:11:2022
20:16:49,04:11:2022
20:16:49,04:11:2022
20:16:49,04:11:2022
20:16:49,04:11:2022
20:16:50,04:11:2022
20:16:50,04:11:2022
20:16:50,04:11:2022
20:16:50,04:11:2022
20:16:50,04:11:2022
20:16:50,04:11:2022
20:16:50,04:11:2022
20:16:50,04:11:2022
20:16:50,04:11:2022
20:16:50,04:11:2022
20:16:50,04:11:2022
20:16:50,04:11:2022
20:16:50,04:11:2022
20:16:50,04:11:2022
20:16:50,04:11:2022
20:16:50,04:11:2022
20:16:51,04:11:2022
20:16:51,04:11:2022
20:16:51,04:11:2022
20:16:51,04:11:2022
20:16:51,04:11:2022
20:16:51,04:11:2022
20:16:51,04:11:2022
20:16:51,04:11:2022
20:16:51,04:11:2022
20:16:51,04:11:2022
20:16:51,04:11:2022
20:21:59,04:11:2022
20:21:59,04:11:2022
20:21:59,04:11:2022
20:21:59,04:11:2022
20:22:00,04:11:2022
20:22:00,04:11:2022
20:22:00,04:11:2022
20:22:00,04:11:2022
20:22:00,04:11:2022
20:22:00,04:11:2022
20:22:00,04:11:2022
20:22:00,04:11:2022
20:22:00,04:11:2022
20:22:00,04:11:2022
20:22:00,04:11:2022
20:22:00,04:11:2022
20:22:00,04:11:2022
20:22:00,04:11:2022
20:22:00,04:11:2022
20:22:00,04:11:2022
20:22:01,04:11:2022
20:22:01,04:11:2022
20:22:01,04:11:2022
20:22:01,04:11:2022